﻿Designator,Footprint,Quantity,Value,LCSC Part #
D1,LED_D3.0mm,1,Addition,
"D10, D3, D4, D5, D6, D7, D8, D9",LED_D3.0mm,8,ValueA,
"D11, D12, D13, D14, D15, D16, D17, D18",LED_D3.0mm,8,ValueB,
"D19, D20, D21, D22, D23, D24, D25, D26",LED_D3.0mm,8,Total,
D2,LED_D3.0mm,1,Subtraction,
D27,LED_D3.0mm,1,Carry,
J1,BarrelJack_Horizontal,1,Barrel_Jack,
"R1, R10, R11, R12, R13, R14, R15, R16, R17, R18, R19, R2, R20, R21, R22, R23, R24, R25, R26, R27, R28, R4, R5, R6, R7, R8, R9",R_Axial_DIN0207_L6.3mm_D2.5mm_P7.62mm_Horizontal,27,220,
R3,R_Axial_DIN0207_L6.3mm_D2.5mm_P7.62mm_Horizontal,1,10K,
"SW1, SW10, SW11, SW12, SW13, SW14, SW15, SW16, SW17, SW2, SW3, SW4, SW5, SW6, SW7, SW8, SW9",SWITCH_S20203,17,SW_DPDT_x2,
"U1_2, U1, U10_2, U10, U2_2, U2, U4_2, U4, U7_2, U7, U8_2, U8",DIP-14_W7.62mm,12,74LS86,
"U11_2, U11, U3_2, U3, U5_2, U5, U9_2, U9",DIP-14_W7.62mm,8,74LS08,
"U12_2, U12, U6_2, U6",DIP-14_W7.62mm,4,74LS32,
